"tag","synonyms","mustInclude","domain","folder","active"
"Alcohol-free effects / alcohol alternatives","alcohol-free buzz,alcohol substitute,GABA modulation beverage,kava drink,adaptogenic beverage,social alcohol alternative","beverage,alcohol-free","Brewing & Process","Brewing & Process","true"
"Non-alcoholic beer process innovation","dealcoholization,vacuum distillation,reverse osmosis beer,pervaporation,spinning cone column,arrested fermentation NA","non-alcoholic,beer","Brewing & Process","Brewing & Process","true"
"NOLO sensory improvement (body, foam, aroma)","mouthfeel enhancement NOLO,foam stability non-alcoholic,aroma retention NA beer,worty flavor sensory,body improvement NA,sensory quality NA beer","non-alcoholic,sensory","Brewing & Process","Brewing & Process","true"
"Aroma retention during dealcoholization","volatile aroma recovery,dealcoholization aroma loss,flavor stripping,volatile compound retention,aroma recovery beer","dealcoholization,aroma","Brewing & Process","Brewing & Process","true"
"Worty flavor reduction in NA beer","Strecker aldehydes NA beer,worty off-flavor,aldehyde reduction non-alcoholic,carbonyl compounds NA beer,green flavor reduction","non-alcoholic,aldehyde","Brewing & Process","Brewing & Process","true"
"Low-alcohol fermentation strategies","arrested fermentation,cold contact fermentation,maltose-negative yeast,low-alcohol yeast,short fermentation strategy","low-alcohol,fermentation","Brewing & Process","Brewing & Process","true"
"Low-energy dealcoholization","energy efficient dealcoholization,heat integration dealcoholization,osmotic distillation energy,membrane dealcoholization energy,pervaporation energy saving","dealcoholization,energy","Brewing & Process","Brewing & Process","true"
"Off-flavors in beer (metallic, phenolic, sulfur)","metallic off-flavor,phenolic off-flavor,dimethyl sulfide DMS,diacetyl,4-vinyl guaiacol,hydrogen sulfide beer","beer,off-flavor","Brewing & Process","Brewing & Process","true"
"Gushing prediction and mitigation","beer gushing,overfoaming,primary gushing,secondary gushing,hydrophobins,Fusarium gushing","beer,gushing","Brewing & Process","Brewing & Process","true"
"Beer haze & colloidal stability","chill haze,permanent haze,protein-polyphenol complex,colloidal stability beer,silica gel treatment,PVPP beer","beer,haze","Brewing & Process","Brewing & Process","true"
"Beer oxidation & shelf-life markers","beer staling,trans-2-nonenal,oxidation markers beer,Maillard staling beer,oxygen scavengers beer,shelf-life extension","beer,staling","Brewing & Process","Brewing & Process","true"
"Foam stability: proteins, polysaccharides","foam retention beer,LTP1 protein beer,protein Z beer,iso-alpha acids foam,lipid transfer protein foam,foam-active proteins","beer,foam","Brewing & Process","Brewing & Process","true"
"Foam-negative lipids control","foam negative lipids beer,antifoam compounds,lipid-protein interaction foam,linoleic acid foam inhibition,lipid removal brewing","beer,foam","Brewing & Process","Brewing & Process","true"
"Thiols in beer (3MH/3MHA) & release mechanisms","volatile thiols beer,3-mercaptohexanol,3-mercaptohexyl acetate,thiol precursors,cysteinylated thiol precursors,IRC7 beta-lyase","thiol,beer","Brewing & Process","Brewing & Process","true"
"Hop aroma biotransformation by yeast","hop biotransformation,terpene biotransformation,linalool geraniol release,glycoside hydrolysis hop,beta-lyase hop thiols","hop,biotransformation","Brewing & Process","Brewing & Process","true"
"CIP alternatives (chemical-free, enzyme, ozone)","enzymatic CIP,ozone cleaning brewery,electrolyzed water sanitation,chemical-free CIP,plasma cleaning brewery,UV-C sanitation","CIP,cleaning","Brewing & Process","Brewing & Process","true"
"Biofilm control in breweries","brewery biofilm,Pediococcus damnosus biofilm,Lactobacillus brevis biofilm,biofilm removal brewery,sanitation microbiology,spoilage organisms brewery","biofilm,brewery","Brewing & Process","Brewing & Process","true"
"Micro/nanobubbles for hygiene and process","nanobubbles,microbubbles,ultrafine bubbles,ozone nanobubbles,biofilm removal nanobubbles,mass transfer microbubbles","nanobubbles,microbubbles","Brewing & Process","Brewing & Process","true"
"CO2 recovery and reuse in breweries","CO2 capture brewery,fermentation CO2 recovery,carbon dioxide reuse brewing,CO2 purification brewing,biogenic CO2 capture","CO2,brewery","Brewing & Process","Brewing & Process","true"
"Ohmic heating in brewing","ohmic heating,joule heating brewing,electroheating beverage,electrical resistance heating food,ohmic heating process","ohmic heating,brewing","Brewing & Process","Brewing & Process","true"
"Pasteurization alternatives (HPP, PEF, UHT)","high pressure processing beer,pulsed electric field beer,ultra high temperature UHT,non-thermal pasteurization,cold pasteurization beverage","beer,pasteurization","Brewing & Process","Brewing & Process","true"
"Filtration alternatives (crossflow, membrane)","crossflow filtration beer,membrane filtration beer,tangential flow filtration,kieselguhr alternative,ceramic membrane beer","beer,filtration","Brewing & Process","Brewing & Process","true"
"Bioprocess optimization: fed-batch, continuous","fed-batch fermentation optimization,continuous fermentation brewery,chemostat brewing,high gravity fermentation,immobilized cell reactor brewing","fermentation,optimization","Brewing & Process","Brewing & Process","true"
"Inline dissolved oxygen & CO2 sensing","inline DO sensor brewing,dissolved oxygen fermentation,CO2 sensor fermentation,optical oxygen sensor,online process monitoring brewing","dissolved oxygen,sensor","Brewing & Process","Brewing & Process","true"
"PAT – spectroscopy (NIR/Raman/FTIR)","NIR spectroscopy fermentation,Raman spectroscopy brewing,FTIR process monitoring,process analytical technology brewing,near infrared fermentation monitoring","spectroscopy,fermentation","Brewing & Process","Brewing & Process","true"
"Anomaly detection for batch processes","anomaly detection fermentation,time series process monitoring,multivariate statistical control,MSPC brewing,batch process anomaly detection","anomaly detection,process","Brewing & Process","Brewing & Process","true"
"Predictive maintenance for brewery equipment","predictive maintenance brewery,condition monitoring equipment,vibration analysis brewery,fault detection brewing,machine learning maintenance","predictive maintenance,brewery","Brewing & Process","Brewing & Process","true"
"Digital twins for breweries / process simulation","digital twin brewery,process simulation brewing,model predictive control brewery,CFD brewery,virtual brewery model","digital twin,brewery","Brewing & Process","Brewing & Process","true"
"Mycotoxin risk management (barley, malt)","deoxynivalenol DON barley,Fusarium graminearum malt,aflatoxin malt,mycotoxin brewing,ochratoxin barley,mycotoxin mitigation malt","mycotoxin,malt","Brewing & Process","Brewing & Process","true"
"Allergens & labeling in beverages","allergen labeling beverage,gluten labeling beer,food allergen regulation,beverage labeling requirements,precautionary allergen labeling","allergen,beverage","Brewing & Process","Brewing & Process","true"
"Alternative bittering (isomerized extracts)","isomerized hop extract,reduced iso-alpha acids,tetrahydro iso-alpha acids,hexahydro iso-alpha acids,hop products bittering","bitterness,beer","Brewing & Process","Brewing & Process","true"
"Sustainable hop cultivation impacts on aroma","hop terroir,hop variety aroma chemistry,sustainable hop farming,hop essential oils aroma,dry hopping aroma","hop,aroma","Brewing & Process","Brewing & Process","true"
"CO2/N2 dosing and carbonation control","carbonation control beer,CO2 dosing,nitrogen dosing beer,dissolved CO2 measurement,carbonation pressure control","carbonation,beer","Brewing & Process","Brewing & Process","true"
"Oxygen pickup reduction in packaging lines","oxygen pickup bottling,total package oxygen TPO,dissolved oxygen packaging line,low oxygen packaging,DO control bottling","oxygen,packaging","Brewing & Process","Brewing & Process","true"
"Nitrogenation & widget tech","nitrogenated beer,widget technology,nitrogen beer can,smooth draught beer,nitrogen dispense system","nitrogen,beer","Brewing & Process","Brewing & Process","true"
"Enzymatic removal of off-flavor precursors","aldehyde reduction enzyme beer,Strecker aldehyde removal,acetaldehyde enzyme reduction,ADH enzyme beer,off-flavor precursor enzyme","beer,off-flavor","Brewing & Process","Brewing & Process","true"
"NMR fingerprinting for authenticity / QC","NMR metabolomics beer,proton NMR fingerprinting beverage,beer authenticity NMR,geographical origin NMR,beverage adulteration NMR","NMR,authenticity","Brewing & Process","Brewing & Process","true"
"Biosensors for spoilage / contaminants","electrochemical biosensor food,optical biosensor spoilage,pathogen biosensor beverage,mycotoxin biosensor,food contaminant sensor","biosensor,detection","Brewing & Process","Brewing & Process","true"
"Rapid microbiology (ATP, flow cytometry)","ATP bioluminescence microbiology,flow cytometry microorganism detection,MALDI-TOF brewery,impedance microbiology,rapid microbial testing","rapid microbiology,detection","Brewing & Process","Brewing & Process","true"
"Alcohol harm reduction & public health","alcohol harm reduction,low-risk drinking,alcohol policy,alcohol health effects,responsible consumption alcohol","alcohol,harm reduction","Brewing & Process","Brewing & Process","true"
"Stress/anxiety biomarkers for product claims","cortisol biomarker,HRV heart rate variability,salivary amylase stress,anxiety biomarker beverage,stress response measurement","biomarker,stress","Brewing & Process","Brewing & Process","true"
"Non-conventional yeasts for aroma modulation","non-Saccharomyces yeast,Lachancea thermotolerans,Torulaspora delbrueckii,Pichia kluyveri,Hanseniaspora uvarum,aroma modulation yeast","yeast,aroma","Biotech Applied","Biotech Applied","true"
"Lactic acid bacteria in brewing (sour, stability)","lactic acid bacteria brewing,Lactobacillus brevis brewing,Pediococcus damnosus beer,sour beer LAB,bioprotection LAB,mixed fermentation LAB","lactic acid bacteria,beer","Biotech Applied","Biotech Applied","true"
"Enzymes for gluten reduction in beer","prolyl endopeptidase brewing,glutenase beer,gluten reduction enzyme,AN-PEP enzyme beer,celiac beer enzyme","gluten,enzyme","Biotech Applied","Biotech Applied","true"
"Enzymatic clarification / flocculants","enzymatic fining beer,protease clarification,beta-glucanase beer,papain fining,isinglass alternative enzyme,bentonite alternative","enzyme,clarification","Biotech Applied","Biotech Applied","true"
"Enzyme immobilization for industrial reuse","immobilized enzyme brewing,enzyme carrier support,biocatalyst immobilization,enzyme stability support,packed bed enzyme reactor","enzyme immobilization,biocatalyst","Biotech Applied","Biotech Applied","true"
"Biocatalysis for flavor/aroma synthesis","enzymatic ester synthesis aroma,lipase biocatalysis flavor,terpene enzymatic synthesis,aroma biocatalyst,whole-cell biocatalysis aroma","biocatalysis,aroma","Biotech Applied","Biotech Applied","true"
"Precision fermentation for functional ingredients","precision fermentation,microbial cell factory,heterologous protein production,fermentation-derived ingredient,synthetic biology food","precision fermentation,ingredient","Biotech Applied","Biotech Applied","true"
"CRISPR / strain engineering for brewing","CRISPR yeast brewing,genome editing Saccharomyces,gene editing fermentation,brewing strain improvement,CRISPR-Cas9 yeast","CRISPR,yeast","Biotech Applied","Biotech Applied","true"
"Metabolic engineering for CoQ10 production","CoQ10 biosynthesis yeast,ubiquinone metabolic engineering,isoprenoid pathway CoQ10,yeast CoQ10 production,decaprenyl biosynthesis","CoQ10,metabolic engineering","Biotech Applied","Biotech Applied","true"
"Yeast stress tolerance (ethanol, osmotic)","ethanol tolerance yeast,osmotic stress tolerance yeast,high gravity yeast,thermotolerant yeast,yeast robustness engineering","yeast,stress tolerance","Biotech Applied","Biotech Applied","true"
"Phage control in fermentation","bacteriophage fermentation,phage infection brewery,phage resistant strains,anti-phage strategy,bacteriophage contamination fermentation","bacteriophage,fermentation","Biotech Applied","Biotech Applied","true"
"Antimicrobial peptides / natural preservatives","bacteriocins,nisin food preservation,lacticin,antimicrobial peptides beverage,natural preservatives food","antimicrobial,beverage","Biotech Applied","Biotech Applied","true"
"Biotransformation of polyphenols (bioavailability)","polyphenol biotransformation gut,phenolic metabolites bioavailability,gut microbiota polyphenols,quercetin metabolism,bioavailability enhancement polyphenol","polyphenol,bioavailability","Biotech Applied","Biotech Applied","true"
"Cell-free systems for bioproduction","cell-free biosynthesis,in vitro biocatalysis,enzymatic cascade cell-free,cell-free protein synthesis,CFPS enzymatic","cell-free,biosynthesis","Biotech Applied","Biotech Applied","true"
"Microbial production of functional compounds","microbial GABA production,tryptophan metabolites fermentation,serotonin microbial synthesis,functional metabolites fermentation","microbial production,functional","Biotech Applied","Biotech Applied","true"
"GABA production via fermentation","GABA fermentation,Lactobacillus GABA,glutamate decarboxylase,gamma-aminobutyric acid production,fermented GABA beverage","GABA,fermentation","Biotech Applied","Biotech Applied","true"
"GABAA/GABAB receptor modulators from food","GABAA modulator food,GABAB agonist food,benzodiazepine site phytochemicals,food-derived anxiolytic,hop xanthohumol GABA receptor","GABA,receptor","Biotech Applied","Biotech Applied","true"
"Probiotics / postbiotics in beverages","probiotic beverage,postbiotic drink,paraprobiotics,heat-killed bacteria beverage,fermented beverage probiotic","probiotic,beverage","Biotech Applied","Biotech Applied","true"
"Gut-brain axis discoveries relevant to food","gut-brain axis food,microbiota-gut-brain,psychobiotics,vagus nerve microbiota,enteric nervous system food","gut-brain,microbiota","Biotech Applied","Biotech Applied","true"
"Sleep modulation via non-alcohol beverages","sleep beverage,melatonin alternative drink,relaxation drink sleep,L-theanine sleep,sleep quality functional drink,ashwagandha beverage","sleep,beverage","Biotech Applied","Biotech Applied","true"
"BSG valorization – dietary fiber & arabinoxylans","brewers spent grain fiber,arabinoxylan extraction BSG,dietary fiber BSG,ferulic acid BSG,soluble fiber extraction BSG","brewers spent grain,fiber","Byproducts & Circularity","Byproducts & Circularity","true"
"BSG valorization – protein hydrolysates & bioactive peptides","BSG protein hydrolysate,spent grain bioactive peptides,ACE inhibitory peptides BSG,antioxidant peptides BSG,enzymatic protein hydrolysis BSG","brewers spent grain,protein","Byproducts & Circularity","Byproducts & Circularity","true"
"BSG solid-state fermentation (SSF)","BSG solid-state fermentation,fungal SSF BSG,Aspergillus SSF spent grain,Rhizopus SSF BSG,SSF nutritional improvement BSG","Byproducts & Circularity,solid-state fermentation","Byproducts & Circularity","Byproducts & Circularity","true"
"BSG as substrate for lactic fermentation","BSG lactic fermentation,spent grain Lactobacillus,lactic acid BSG,fermented BSG,BSG probiotic fermentation","Byproducts & Circularity,fermentation","Byproducts & Circularity","Byproducts & Circularity","true"
"BSG extraction – green solvents (NADES, scCO2)","NADES extraction BSG,deep eutectic solvents BSG,subcritical water BSG,supercritical CO2 BSG,green extraction spent grain","Byproducts & Circularity,extraction","Byproducts & Circularity","Byproducts & Circularity","true"
"BSY valorization – yeast extract (umami)","brewer's spent yeast autolysis,yeast extract production,umami yeast extract,5-nucleotides yeast extract,yeast autolysate","spent yeast,extract","Byproducts & Circularity","Byproducts & Circularity","true"
"BSY beta-glucans & cell wall fractions","yeast beta-glucan extraction,yeast cell wall fractions,mannoprotein yeast,immunostimulant beta-glucan,yeast glucan spent","spent yeast,beta-glucan","Byproducts & Circularity","Byproducts & Circularity","true"
"BSY as source of vitamins / CoQ10 / bioactives","yeast B vitamins,yeast CoQ10,spent yeast bioactive compounds,yeast ergosterol,yeast selenium","spent yeast,bioactive","Byproducts & Circularity","Byproducts & Circularity","true"
"Spent hops / trub valorization","spent hops valorization,hop residue polyphenols,trub valorization,hot break reuse,spent hop extracts","spent hops,valorization","Byproducts & Circularity","Byproducts & Circularity","true"
"Brewery wastewater treatment (high COD)","brewery wastewater,high COD treatment,anaerobic digestion brewery,nutrient removal brewery effluent,UASB brewery","brewery,wastewater","Water & Environment","Water & Environment","true"
"Anaerobic digestion intensification","two-stage anaerobic digestion,thermal hydrolysis pretreatment,temperature-phased anaerobic digestion,high-rate anaerobic reactor,anaerobic digestion intensification","anaerobic digestion,industrial","Water & Environment","Water & Environment","true"
"Advanced oxidation for reuse (ozone, UV)","ozone AOP,UV H2O2 treatment,advanced oxidation process,Fenton reaction wastewater,photocatalysis wastewater","water reuse,treatment","Water & Environment","Water & Environment","true"
"Electrooxidation for wastewater polishing","electrooxidation wastewater,electrochemical oxidation,BDD electrode,boron-doped diamond electrode,electrochemical polishing wastewater","wastewater,electrochemical","Water & Environment","Water & Environment","true"
"Coagulation/flocculation optimization","coagulation optimization wastewater,flocculation industrial effluent,PAC coagulation,ferric chloride coagulation,jar test optimization","wastewater,coagulation","Water & Environment","Water & Environment","true"
"Ammonia stripping / air stripping","ammonia stripping wastewater,air stripping ammonium,nitrogen removal stripping,ammonia volatilization,packed tower stripping","ammonia,wastewater","Water & Environment","Water & Environment","true"
"Phosphorus removal – adsorption (La, Zr)","phosphate adsorption lanthanum,zirconium phosphate removal,iron oxide adsorption phosphate,modified biochar phosphate,phosphate ion exchange","phosphate,adsorption","Water & Environment","Water & Environment","true"
"Phosphorus removal – biological EBPR","enhanced biological phosphorus removal,EBPR,polyphosphate accumulating organisms,PAO luxury uptake,biological phosphorus EBPR","phosphorus,EBPR","Water & Environment","Water & Environment","true"
"Phosphorus removal – constructed wetland","constructed wetlands phosphorus,nature-based phosphorus treatment,subsurface flow wetland phosphorus,phytoremediation phosphorus","phosphorus,wastewater","Water & Environment","Water & Environment","true"
"Phosphorus removal – electrocoagulation","electrocoagulation phosphate removal,aluminum electrode phosphate,iron electrode phosphate,EC phosphorus removal","phosphate,electrocoagulation","Water & Environment","Water & Environment","true"
"Phosphorus removal – struvite precipitation","struvite precipitation,MgNH4PO4,magnesium ammonium phosphate,nutrient recovery struvite,struvite crystallization","phosphorus,struvite","Water & Environment","Water & Environment","true"
"Low-cost phosphorus test kits / monitoring","phosphate sensor low-cost,colorimetric phosphate test,online phosphate monitoring,portable phosphate analyzer,field phosphate measurement","phosphate,monitoring","Water & Environment","Water & Environment","true"
"Package plants / decentralized treatment","decentralized wastewater treatment,package plant,modular WWTP,containerized treatment plant,small-scale wastewater treatment","factory,wastewater","Water & Environment","Water & Environment","true"
"Sludge minimization and handling","sludge minimization,sludge dewatering,sludge management,biosolids handling,low-sludge process","sludge,wastewater","Water & Environment","Water & Environment","true"
"Membrane bioreactor (MBR) for industrial wastewater","MBR industrial wastewater,membrane bioreactor,submerged MBR,hollow fiber MBR,MBR fouling control","industrial water,MBR","Water & Environment","Water & Environment","true"
"Active packaging – antimicrobial films","antimicrobial packaging film,silver-free antimicrobial,natural antimicrobials packaging,chitosan antimicrobial film,essential oil packaging film","active packaging,antimicrobial","Materials & Packaging","Materials & Packaging","true"
"Active packaging – oxygen scavengers","oxygen scavenger packaging,antioxidant active packaging,iron-based oxygen scavenger,enzymatic oxygen scavenger,oxygen barrier active film","active packaging,oxygen","Materials & Packaging","Materials & Packaging","true"
"Smart packaging – RFID/NFC traceability","RFID packaging,NFC traceability,smart label,IoT packaging,digital product passport packaging","RFID,packaging","Materials & Packaging","Materials & Packaging","true"
"PEF – barrier properties (O2/CO2/H2O)","polyethylene furanoate barrier,PEF oxygen barrier,PEF CO2 barrier,PEF moisture barrier,PEF permeability","PEF,packaging","Materials & Packaging","Materials & Packaging","true"
"PEF – recyclability & end-of-life","PEF recycling,chemical recycling PEF,depolymerization PEF,PEF circular economy,PEF end-of-life","PEF,recycling","Materials & Packaging","Materials & Packaging","true"
"PLA compostability – industrial vs home","PLA compostability,industrial composting PLA,home composting PLA,PLA biodegradation,bioplastic compostability","PLA,compost","Materials & Packaging","Materials & Packaging","true"
"PBS blends for flexible packaging","polybutylene succinate PBS,PBS blend flexible,bio-based PBS,PBS biodegradable film,PBS flexible packaging","PBS,packaging","Materials & Packaging","Materials & Packaging","true"
"FDCA production routes (bio-based)","FDCA production,HMF oxidation FDCA,biobased FDCA,furandicarboxylic acid,HMF to FDCA catalyst","FDCA","Materials & Packaging","Materials & Packaging","true"
"Monomaterial packaging & design for recycling","monomaterial packaging,design for recycling,recyclability design,mono-material structure,packaging recyclability guideline","packaging,recyclability","Materials & Packaging","Materials & Packaging","true"
"Recyclability of multilayer packaging","multilayer packaging recycling,delamination multilayer,compatibilizer recycling,multilayer film recyclability","multilayer,recycling","Materials & Packaging","Materials & Packaging","true"
"Returnable packaging – durability & washability","returnable bottle durability,returnable packaging washing,abrasion resistance returnable,alkali resistance bottle,returnable loop","returnable,washing","Materials & Packaging","Materials & Packaging","true"
"rPET food-contact – EFSA assessments","recycled PET food contact,EFSA rPET process,challenge test decontamination,rPET decontamination efficiency,post-consumer recycled PET","recycled PET,food contact","Materials & Packaging","Materials & Packaging","true"
"Migration testing methods (food contact materials)","migration testing food contact,NIAS non-intentionally added substances,food contact compliance,specific migration limit,overall migration testing","migration,food contact","Materials & Packaging","Materials & Packaging","true"
"Nanomaterials / advanced carbon for electrochemical","nanomaterials electrochemical,carbon nanotubes electrode,graphene electrode,supercapacitor electrode,advanced carbon materials","carbon,electrochemical","Materials & Packaging","Materials & Packaging","true"
"Glass bottle lightstruck protection","lightstruck beer,3-methyl-2-butene-1-thiol MBT,glass bottle UV coating,lightstruck protection,UV-absorbing bottle coating","beer,lightstruck","Materials & Packaging","Materials & Packaging","true"
"Computer vision for defect detection","edge inference computer vision,defect detection bottling,fill level inspection CV,label inspection deep learning,automated visual inspection","bottling,vision","Analytics & Digital","Analytics & Digital","true"
"Data governance / data curation for industry","data curation industrial AI,MLOps manufacturing,data governance manufacturing,industrial data quality,AI data pipeline","industrial AI,data governance","Analytics & Digital","Analytics & Digital","true"
"Gluten-free beer (alternative cereals)","gluten-free beer brewing,sorghum beer,millet beer gluten-free,rice beer,buckwheat beer,pseudocereal brewing,gluten-free wort,gluten-free malt","gluten-free,beer","Brewing & Process","Brewing & Process","true"
"FODMAPs in beer & low-FODMAP brewing","FODMAP beer,fermentable oligosaccharides beer,fructan beer,mannitol beer,low-FODMAP beverage,IBS beer,FODMAP intolerance brewing,fermentable carbohydrate beer","FODMAP,beer","Brewing & Process","Brewing & Process","true"
"Gluten detection & quantification in beverages","ELISA gluten detection beer,R5 antibody gluten,competitive ELISA gluten,mass spectrometry gluten peptide,gluten threshold 20 ppm,immunoassay gluten beverage,gluten quantification hydrolyzed","gluten,detection","Brewing & Process","Brewing & Process","true"
"Celiac disease, NCGS & beer safety","celiac safe beer,non-celiac gluten sensitivity beer,gluten intolerance beverage,wheat allergy beer,barley sensitivity celiac,NCGS beer,celiac research beverage","celiac,beer","Brewing & Process","Brewing & Process","true"
"Prolamin hydrolysis & immunotoxic peptides","prolamin hydrolysis beer,gliadin peptide brewing,hordein degradation,immunotoxic gluten peptide,33-mer peptide wheat,celiac epitope brewing,prolyl endopeptidase prolamin","prolamin,gluten","Biotech Applied","Biotech Applied","true"
"Beer & gut microbiota / digestive health","beer gut microbiome,polyphenol gut bacteria beer,hop compounds microbiota,beer prebiotic,intestinal microbiota beer,beer digestive health,gut health beverage","beer,gut microbiota","Biotech Applied","Biotech Applied","true"
"Dietary fiber & beta-glucan from barley/malt","barley beta-glucan health,malt dietary fiber,beta-glucan beer content,arabinoxylan malt,soluble fiber barley,prebiotic beta-glucan cereal,barley fiber gut","beta-glucan,barley","Biotech Applied","Biotech Applied","true"
"BSG phenolic acids recovery","ferulic acid spent grain,p-coumaric acid BSG,bound phenolics BSG,alkaline hydrolysis phenolics,phenolic acid recovery spent grain","brewers spent grain,phenolic","Byproducts & Circularity","Byproducts & Circularity","true"
"BSG arabinoxylo-oligosaccharides production","AXOS from BSG,arabinoxylooligosaccharides spent grain,prebiotic oligosaccharides BSG,xylanase hydrolysis BSG,hemicellulose oligosaccharides","brewers spent grain,oligosaccharides","Byproducts & Circularity","Byproducts & Circularity","true"
"BSG lignin valorization to aromatics","lignin depolymerization BSG,vanillin from lignin,aromatic monomers spent grain,lignin-first biorefinery BSG,phenolic monomers lignin","brewers spent grain,lignin","Byproducts & Circularity","Byproducts & Circularity","true"
"BSG cellulose nanofibers and biocomposites","cellulose nanofibers BSG,nanocellulose spent grain,cellulose fibrils brewery waste,biocomposite reinforcement BSG,spent grain cellulose materials","brewers spent grain,cellulose","Byproducts & Circularity","Byproducts & Circularity","true"
"BSG hydrolysates as fermentation feedstock","spent grain hydrolysate,BSG sugar platform,lignocellulosic hydrolysate brewery,glucose xylose BSG,hydrolysate detoxification BSG","brewers spent grain,hydrolysate","Byproducts & Circularity","Byproducts & Circularity","true"
"BSG to microbial oils and oleochemicals","microbial lipids BSG,oleaginous yeast spent grain,Yarrowia lipolytica BSG,single cell oil hydrolysate,lipid fermentation spent grain","brewers spent grain,microbial oil","Byproducts & Circularity","Byproducts & Circularity","true"
"BSG to organic acids platform","succinic acid BSG,lactic acid spent grain,citric acid BSG,itaconic acid BSG,organic acid fermentation hydrolysate","brewers spent grain,organic acid","Byproducts & Circularity","Byproducts & Circularity","true"
"White-rot fungal delignification of BSG","biological delignification BSG,white rot fungi spent grain,Ganoderma delignification,Pleurotus pretreatment BSG,laccase mediated delignification","brewers spent grain,delignification","Byproducts & Circularity","Byproducts & Circularity","true"
"Fungal mycoprotein from brewery residues","mycoprotein spent grain,fungal protein BSG,edible fungal biomass brewery,Neurospora spent grain,Rhizopus biomass BSG","brewery residue,mycoprotein","Byproducts & Circularity","Byproducts & Circularity","true"
"Koji-style fermentation of brewery byproducts","koji spent grain,Aspergillus oryzae BSG,solid koji brewery waste,enzymatic koji valorization,umami fermentation spent grain","koji,brewers spent grain","Byproducts & Circularity","Byproducts & Circularity","true"
"Spent yeast RNA and nucleotide recovery","RNA extraction spent yeast,5'-GMP yeast,5'-IMP yeast,nucleotide-rich yeast extract,spent yeast ribonucleotides","spent yeast,nucleotide","Byproducts & Circularity","Byproducts & Circularity","true"
"Spent yeast ergosterol to vitamin D2","ergosterol spent yeast,UV conversion vitamin D2,yeast vitamin D2,ergocalciferol yeast,spent yeast sterols","spent yeast,ergosterol","Byproducts & Circularity","Byproducts & Circularity","true"
"Spent yeast antioxidant peptides","yeast peptide hydrolysate,antioxidant peptides spent yeast,enzymatic hydrolysis brewer yeast,bioactive yeast peptides,yeast protein hydrolysate","spent yeast,peptides","Byproducts & Circularity","Byproducts & Circularity","true"
"Spent yeast lipid and phospholipid recovery","yeast lipids spent yeast,phospholipids brewer yeast,yeast oil extraction,spent yeast lipid fraction,membrane lipids yeast","spent yeast,lipid","Byproducts & Circularity","Byproducts & Circularity","true"
"Hot trub protein-polyphenol valorization","hot trub proteins,hot break valorization,trub polyphenols,trub protein recovery,brewery trub bioactives","trub,valorization","Byproducts & Circularity","Byproducts & Circularity","true"
"Spent hops xanthohumol recovery","xanthohumol spent hops,prenylflavonoids hop residue,hop polyphenol extraction,spent hop bioactives,hop bitter acids recovery","spent hops,xanthohumol","Byproducts & Circularity","Byproducts & Circularity","true"
"Brewery residues cascading biorefinery","cascading valorization brewery,integrated brewery biorefinery,multi-product valorization spent grain,zero waste brewery,side-stream cascade","brewery byproducts,biorefinery","Byproducts & Circularity","Byproducts & Circularity","true"
"Enzymatic saccharification of spent grain","cellulase hydrolysis BSG,xylanase hydrolysis BSG,enzyme cocktail spent grain,saccharification brewery waste,high solids hydrolysis BSG","brewers spent grain,saccharification","Byproducts & Circularity","Byproducts & Circularity","true"
"Hydrothermal carbonization of brewery residues","HTC spent grain,hydrochar BSG,brewery sludge hydrothermal carbonization,spent grain biochar,hydrothermal treatment brewery waste","brewery residue,hydrochar","Byproducts & Circularity","Byproducts & Circularity","true"
"Biochar from brewery byproducts","spent grain biochar,brewery sludge biochar,activated carbon BSG,biochar adsorbent brewery,carbonized brewery waste","brewery byproducts,biochar","Byproducts & Circularity","Byproducts & Circularity","true"
"Brewery wastewater volatile fatty acid production","VFA brewery wastewater,acidogenic fermentation brewery,carboxylate platform wastewater,acetate propionate butyrate brewery,fermentative acidification effluent","brewery wastewater,VFA","Water & Environment","Water & Environment","true"
"Biohydrogen from brewery residues","dark fermentation brewery,biohydrogen spent grain,hydrogen brewery wastewater,two-stage hydrogen methane brewery,fermentative hydrogen waste","brewery waste,biohydrogen","Water & Environment","Water & Environment","true"
"Biomethane upgrading and polishing","biogas upgrading brewery,CO2 removal biogas,biomethane purification,H2S removal biogas,biogas polishing activated carbon","biogas,upgrading","Water & Environment","Water & Environment","true"
"H2S mitigation in brewery biogas","hydrogen sulfide biogas,iron sponge H2S,activated carbon H2S removal,biogas desulfurization brewery,sulfide control anaerobic digestion","biogas,H2S","Water & Environment","Water & Environment","true"
"Microbial electrochemical systems for brewery wastewater","microbial fuel cell brewery,microbial electrolysis cell brewery,bioelectrochemical treatment wastewater,electroactive bacteria brewery,energy recovery wastewater","brewery wastewater,bioelectrochemical","Water & Environment","Water & Environment","true"
"Algal treatment of brewery wastewater","microalgae brewery wastewater,algal nutrient recovery,Chlorella brewery effluent,phycoremediation brewery,algae biomass wastewater","brewery wastewater,algae","Water & Environment","Water & Environment","true"
"Single-cell protein from brewery wastewater","SCP brewery wastewater,microbial protein effluent,bacterial biomass wastewater,protein recovery wastewater,waste-to-protein brewery","brewery wastewater,single cell protein","Water & Environment","Water & Environment","true"
"Anaerobic granular sludge stability","granular sludge brewery,UASB granulation,anaerobic granule stability,granule disintegration,high-rate anaerobic granules","anaerobic sludge,granules","Water & Environment","Water & Environment","true"
"Direct interspecies electron transfer enhancement","DIET anaerobic digestion,magnetite anaerobic digestion,conductive materials biogas,biochar DIET,microbial electron transfer methane","anaerobic digestion,DIET","Water & Environment","Water & Environment","true"
"Co-digestion of BSG and brewery wastewater","spent grain wastewater co-digestion,brewery waste codigestion,C/N balancing anaerobic digestion,solid liquid co-digestion brewery,biomethane BSG wastewater","brewers spent grain,wastewater","Water & Environment","Water & Environment","true"
"Digestate valorization from brewery AD","brewery digestate,biofertilizer digestate,nutrient recovery digestate,digestate dewatering brewery,agronomic use digestate","digestate,biofertilizer","Water & Environment","Water & Environment","true"
"Water reuse for brewery utilities","reuse water brewery,CIP rinse water reuse,cooling water reuse brewery,non-potable reuse brewery,treated effluent reuse","water reuse,brewery","Water & Environment","Water & Environment","true"
"Continuous beer fermentation with immobilized yeast","immobilized yeast continuous beer,packed bed yeast reactor,gas-lift beer fermentation,continuous primary fermentation,yeast carrier spent grain","continuous fermentation,yeast","Brewing & Process","Brewing & Process","true"
"Yeast immobilization carriers from byproducts","spent grain yeast carrier,corncob carrier yeast,natural carriers immobilization,low cost immobilization carrier,brewery byproduct carrier","yeast immobilization,carrier","Brewing & Process","Brewing & Process","true"
"Residence time distribution in beer bioreactors","RTD bioreactor brewing,hydraulic residence time fermentation,plug flow deviation reactor,reactor hydrodynamics beer,continuous reactor RTD","bioreactor,residence time","Brewing & Process","Brewing & Process","true"
"CO2 stripping control in continuous fermentation","CO2 removal bioreactor,gas stripping fermentation,carbon dioxide inhibition yeast,degassing continuous fermentation,gas-liquid mass transfer beer","CO2,fermentation","Brewing & Process","Brewing & Process","true"
"High-cell-density yeast fermentation","high biomass yeast fermentation,cell retention yeast,yeast perfusion fermentation,membrane cell recycle yeast,high productivity ethanol beer","yeast,high cell density","Brewing & Process","Brewing & Process","true"
"Chemostat physiology of brewing yeast","chemostat yeast physiology,steady-state brewing yeast,dilution rate yeast,continuous culture Saccharomyces,yeast metabolism chemostat","chemostat,yeast","Brewing & Process","Brewing & Process","true"
"Bioreactor oxygen transfer and kLa","oxygen transfer fermentation,kLa bioreactor,volumetric oxygen transfer,OTR yeast fermentation,aeration strategy bioreactor","oxygen transfer,kLa","Brewing & Process","Brewing & Process","true"
"Foam and gas-liquid management in bioreactors","bioreactor foaming,antifoam fermentation,gas-liquid separation fermentation,foam control yeast reactor,CO2 foam fermentation","bioreactor,foam","Brewing & Process","Brewing & Process","true"
"Scale-down models for fermentation development","scale-down fermentation,industrial mimic bioreactor,stress gradients bioreactor,scale-down simulator,heterogeneity fermentation scale-up","fermentation,scale-down","Brewing & Process","Brewing & Process","true"
"Automated mini-bioreactor screening","mini bioreactor fermentation,parallel fermentation screening,robotic bioreactor platform,high-throughput fermentation,automated strain screening","bioreactor,automation","Analytics & Digital","Analytics & Digital","true"
"Self-driving fermentation labs","self-driving lab fermentation,autonomous bioprocess optimization,closed-loop fermentation,AI-guided bioprocess,robotic fermentation optimization","fermentation,automation","Analytics & Digital","Analytics & Digital","true"
"Soft sensors for fermentation metabolites","soft sensor fermentation,virtual sensor bioprocess,metabolite prediction fermentation,online biomass estimation,hybrid model fermentation","soft sensor,fermentation","Analytics & Digital","Analytics & Digital","true"
"Model predictive control of fermentation","MPC fermentation,model predictive control bioreactor,closed-loop bioprocess control,dynamic optimization fermentation,control strategy bioreactor","fermentation,MPC","Analytics & Digital","Analytics & Digital","true"
"Hybrid mechanistic-ML fermentation models","hybrid model fermentation,mechanistic machine learning bioprocess,physics-informed fermentation model,digital bioprocess model,grey-box fermentation","fermentation,modeling","Analytics & Digital","Analytics & Digital","true"
"Metabolomics of functional fermented beverages","fermented beverage metabolomics,LC-MS functional beverage,GC-MS fermentation metabolites,bioactive metabolite profiling,untargeted metabolomics beverage","metabolomics,beverage","Biotech Applied","Biotech Applied","true"
"Ergothioneine production by fermentation","ergothioneine biosynthesis,microbial ergothioneine production,functional antioxidant fermentation,yeast ergothioneine,health ingredient fermentation","ergothioneine,fermentation","Biotech Applied","Biotech Applied","true"
"Melatonin and tryptophan metabolites in fermented drinks","melatonin fermented beverage,tryptophan metabolism fermentation,indole derivatives food,serotonin pathway microbes,tryptophan bioactives beverage","tryptophan,fermentation","Biotech Applied","Biotech Applied","true"
"Exopolysaccharides for beverage mouthfeel","microbial EPS beverage,dextran fermentation mouthfeel,ropy lactic acid bacteria,exopolysaccharide texture drink,EPS functional beverage","exopolysaccharide,beverage","Biotech Applied","Biotech Applied","true"
"B-vitamin enrichment by fermentation","riboflavin producing microbes,folate fermentation,vitamin B12 microbial fermentation,thiamine fermented beverage,B-vitamin biofortification","vitamin B,fermentation","Biotech Applied","Biotech Applied","true"
"Food-grade fungal enzyme production","fungal enzyme fermentation,Aspergillus enzyme production,food-grade enzymes SSF,xylanase cellulase protease fungi,enzyme production agroresidues","fungal enzyme,food","Biotech Applied","Biotech Applied","true"
"Non-Saccharomyces low-alcohol beer yeasts","maltose-negative non-Saccharomyces,Crabtree-negative yeast beer,Pichia kluyveri low alcohol,Torulaspora low alcohol,Mrakia beer fermentation","non-Saccharomyces,low alcohol","Biotech Applied","Biotech Applied","true"
"Yeast beta-lyase activity screening","beta-lyase yeast,thiol release screening,IRC7 activity,volatile thiol liberation,yeast aroma enzyme screening","yeast,beta-lyase","Biotech Applied","Biotech Applied","true"
"Microbial cell factories for terpenes","terpene fermentation,monoterpene biosynthesis yeast,geraniol microbial production,linalool fermentation,isoprenoid cell factory","terpene,cell factory","Biotech Applied","Biotech Applied","true"
"Microbial production of bitter compounds","bitter compound fermentation,hop acid biosynthesis microbes,iso-alpha acid alternative,microbial bittering ingredient,fermentation-derived bittering","bitter,fermentation","Biotech Applied","Biotech Applied","true"
"Precision fermentation downstream purification","protein purification fermentation,downstream processing precision fermentation,cell removal fermentation,ultrafiltration recombinant protein,food ingredient purification","precision fermentation,downstream","Biotech Applied","Biotech Applied","true"
"Food safety assessment for precision fermentation strains","production strain safety,QPS fermentation strain,GRAS microbial host,genetically engineered strain safety,precision fermentation risk assessment","precision fermentation,safety","Biotech Applied","Biotech Applied","true"
"Host selection for precision fermentation","Komagataella phaffii food,Pichia pastoris protein production,Bacillus subtilis secretion,Kluyveromyces lactis host,Yarrowia lipolytica cell factory","precision fermentation,host","Biotech Applied","Biotech Applied","true"
"Fermentation-derived oligosaccharides","microbial oligosaccharide production,HMO precision fermentation,galacto-oligosaccharide enzyme synthesis,prebiotic oligosaccharide fermentation,fructo-oligosaccharides microbial","oligosaccharide,fermentation","Biotech Applied","Biotech Applied","true"
"Biogenic amine control in fermented beverages","histamine fermented beverage,tyramine control fermentation,biogenic amines LAB,decarboxylase-negative strains,amine reduction beverage","biogenic amine,beverage","Biotech Applied","Biotech Applied","true"
"Fungal safety and mycotoxin control in SSF","mycotoxin-free SSF,food-grade filamentous fungi,Aspergillus safety fermentation,fungal toxin monitoring SSF,safe mycoprotein production","fungal fermentation,safety","Biotech Applied","Biotech Applied","true"
